{
  "name": "bookit-backend",
  "version": "1.0.0",
  "description": "Backend API for BookIt travel booking platform",
  "main": "server.js",
  "scripts": {
    "start": "node server.js",
    "dev": "nodemon server.js",
    "seed": "node scripts/seedData.js"
  },
  "keywords": ["booking", "travel", "express", "mongodb"],
  "author": "",
  "license": "ISC",
  "dependencies": {
    "express": "^4.18.2",
    "mongoose": "^7.5.0",
    "cors": "^2.8.5",
    "dotenv": "^16.3.1",
    "express-validator": "^7.0.1"
  },
  "devDependencies": {
    "nodemon": "^3.0.1"
  }
}
