[
  {
    "code": "SAVE10",
    "discount_type": "percentage",
    "discount_value": 10,
    "description": "Get 10% off on your booking",
    "min_amount": 2000,
    "max_discount": 2000,
    "active": true
  },
  {
    "code": "FLAT100",
    "discount_type": "fixed",
    "discount_value": 100,
    "description": "Flat \u20b9100 off on all bookings",
    "min_amount": 1000,
    "max_discount": 100,
    "active": true
  },
  {
    "code": "FIRSTTRIP",
    "discount_type": "percentage",
    "discount_value": 15,
    "description": "15% off for first-time travelers",
    "min_amount": 5000,
    "max_discount": 3000,
    "active": true
  },
  {
    "code": "WELCOME500",
    "discount_type": "fixed",
    "discount_value": 500,
    "description": "Welcome bonus: \u20b9500 off",
    "min_amount": 8000,
    "max_discount": 500,
    "active": true
  }
]